"","Team","Opposition","Round","Loss_prob","Win_Prob","Pred_Margin","Pred_Winner","Season"
"1","Sydney","Essendon","Round 4",0.28,0.72,25,"Sydney",2021
"2","Port Adelaide","Richmond","Round 4",0.41,0.59,11,"Port Adelaide",2021
"3","Western Bulldogs","Brisbane","Round 4",0.46,0.54,5,"Western Bulldogs",2021
"4","St Kilda","West Coast","Round 4",0.73,0.27,-27,"West Coast",2021
"5","Collingwood","GWS","Round 4",0.3,0.7,23,"Collingwood",2021
"6","Gold Coast","Carlton","Round 4",0.48,0.52,2,"Gold Coast",2021
"7","North Melbourne","Adelaide","Round 4",0.63,0.37,-15,"Adelaide",2021
"8","Fremantle","Hawthorn","Round 4",0.39,0.61,13,"Fremantle",2021
"9","Melbourne","Geelong","Round 4",0.58,0.42,-10,"Geelong",2021
"10","St Kilda","Richmond","Round 5",0.65,0.35,-17,"Richmond",2021
"11","West Coast","Collingwood","Round 5",0.35,0.65,18,"West Coast",2021
"12","Western Bulldogs","Gold Coast","Round 5",0.19,0.81,36,"Western Bulldogs",2021
"13","Sydney","GWS","Round 5",0.38,0.62,13,"Sydney",2021
"14","Brisbane","Essendon","Round 5",0.3,0.7,23,"Brisbane",2021
"15","Carlton","Port Adelaide","Round 5",0.6,0.4,-12,"Port Adelaide",2021
"16","Adelaide","Fremantle","Round 5",0.49,0.51,1,"Adelaide",2021
"17","Hawthorn","Melbourne","Round 5",0.68,0.32,-21,"Melbourne",2021
"18","Geelong","North Melbourne","Round 5",0.06,0.94,51,"Geelong",2021
"19","GWS","Western Bulldogs","Round 6",0.67,0.33,-20,"Western Bulldogs",2021
"20","Geelong","West Coast","Round 6",0.44,0.56,7,"Geelong",2021
"21","Gold Coast","Sydney","Round 6",0.63,0.37,-15,"Sydney",2021
"22","Carlton","Brisbane","Round 6",0.54,0.46,-5,"Brisbane",2021
"23","Fremantle","North Melbourne","Round 6",0.1,0.9,47,"Fremantle",2021
"24","Melbourne","Richmond","Round 6",0.58,0.42,-10,"Richmond",2021
"25","Hawthorn","Adelaide","Round 6",0.38,0.62,14,"Hawthorn",2021
"26","Collingwood","Essendon","Round 6",0.41,0.59,11,"Collingwood",2021
"27","Port Adelaide","St Kilda","Round 6",0.28,0.72,25,"Port Adelaide",2021
"28","Brisbane","Port Adelaide","Round 7",0.57,0.43,-8,"Port Adelaide",2021
"29","Collingwood","Gold Coast","Round 7",0.41,0.59,11,"Collingwood",2021
"30","Essendon","Carlton","Round 7",0.61,0.39,-13,"Carlton",2021
"31","North Melbourne","Melbourne","Round 7",0.94,0.06,-52,"Melbourne",2021
"32","Richmond","Western Bulldogs","Round 7",0.65,0.35,-17,"Western Bulldogs",2021
"33","St Kilda","Hawthorn","Round 7",0.41,0.59,11,"St Kilda",2021
"34","Sydney","Geelong","Round 7",0.66,0.34,-19,"Geelong",2021
"35","Adelaide","GWS","Round 7",0.51,0.49,-1,"GWS",2021
"36","West Coast","Fremantle","Round 7",0.42,0.58,9,"West Coast",2021
"37","Richmond","Geelong","Round 8",0.44,0.56,8,"Richmond",2021
"38","GWS","Essendon","Round 8",0.36,0.64,17,"GWS",2021
"39","Gold Coast","St Kilda","Round 8",0.51,0.49,0,"St Kilda",2021
"40","North Melbourne","Collingwood","Round 8",0.7,0.3,-21,"Collingwood",2021
"41","Port Adelaide","Adelaide","Round 8",0.19,0.81,36,"Port Adelaide",2021
"42","Melbourne","Sydney","Round 8",0.34,0.66,20,"Melbourne",2021
"43","Hawthorn","West Coast","Round 8",0.64,0.36,-14,"West Coast",2021
"44","Brisbane","Fremantle","Round 8",0.26,0.74,29,"Brisbane",2021
"45","Western Bulldogs","Carlton","Round 8",0.31,0.69,23,"Western Bulldogs",2021
"46","St Kilda","Geelong","Round 9",0.69,0.31,-19,"Geelong",2021
"47","Sydney","Collingwood","Round 9",0.31,0.69,24,"Sydney",2021
"48","Hawthorn","North Melbourne","Round 9",0.3,0.7,24,"Hawthorn",2021
"49","Gold Coast","Brisbane","Round 9",0.69,0.31,-19,"Brisbane",2021
"50","Port Adelaide","Western Bulldogs","Round 9",0.44,0.56,8,"Port Adelaide",2021
"51","Richmond","GWS","Round 9",0.38,0.62,15,"Richmond",2021
"52","Essendon","Fremantle","Round 9",0.45,0.55,8,"Essendon",2021
"53","West Coast","Adelaide","Round 9",0.17,0.83,40,"West Coast",2021
"54","Melbourne","Carlton","Round 9",0.33,0.67,21,"Melbourne",2021
"55","Brisbane","Richmond","Round 10",0.38,0.62,16,"Brisbane",2021
"56","Carlton","Hawthorn","Round 10",0.31,0.69,23,"Carlton",2021
"57","Geelong","Gold Coast","Round 10",0.12,0.88,45,"Geelong",2021
"58","Adelaide","Melbourne","Round 10",0.83,0.17,-35,"Melbourne",2021
"59","Fremantle","Sydney","Round 10",0.56,0.44,-5,"Sydney",2021
"60","Western Bulldogs","St Kilda","Round 10",0.28,0.72,27,"Western Bulldogs",2021
"61","GWS","West Coast","Round 10",0.65,0.35,-15,"West Coast",2021
"62","Collingwood","Port Adelaide","Round 10",0.7,0.3,-21,"Port Adelaide",2021
"63","Essendon","North Melbourne","Round 10",0.32,0.68,23,"Essendon",2021
"64","Western Bulldogs","Melbourne","Round 11",0.45,0.55,6,"Western Bulldogs",2021
"65","Collingwood","Geelong","Round 11",0.72,0.28,-25,"Geelong",2021
"66","Brisbane","GWS","Round 11",0.24,0.76,29,"Brisbane",2021
"67","St Kilda","North Melbourne","Round 11",0.24,0.76,30,"St Kilda",2021
"68","West Coast","Essendon","Round 11",0.31,0.69,22,"West Coast",2021
"69","Gold Coast","Hawthorn","Round 11",0.34,0.66,19,"Gold Coast",2021
"70","Richmond","Adelaide","Round 11",0.27,0.73,26,"Richmond",2021
"71","Sydney","Carlton","Round 11",0.36,0.64,16,"Sydney",2021
"72","Port Adelaide","Fremantle","Round 11",0.28,0.72,25,"Port Adelaide",2021
"73","Melbourne","Brisbane","Round 12",0.45,0.55,6,"Melbourne",2021
"74","Adelaide","Collingwood","Round 12",0.36,0.64,16,"Adelaide",2021
"75","Essendon","Richmond","Round 12",0.63,0.37,-14,"Richmond",2021
"76","Carlton","West Coast","Round 12",0.48,0.52,3,"Carlton",2021
"77","Fremantle","Western Bulldogs","Round 12",0.69,0.31,-21,"Western Bulldogs",2021
"78","Sydney","St Kilda","Round 12",0.33,0.67,19,"Sydney",2021
"79","Fremantle","Gold Coast","Round 13",0.47,0.53,4,"Fremantle",2021
"80","Melbourne","Collingwood","Round 13",0.19,0.81,35,"Melbourne",2021
"81","North Melbourne","GWS","Round 13",0.7,0.3,-22,"GWS",2021
"82","St Kilda","Adelaide","Round 13",0.51,0.49,0,"Adelaide",2021
"83","Sydney","Hawthorn","Round 13",0.19,0.81,35,"Sydney",2021
"84","Port Adelaide","Geelong","Round 13",0.53,0.47,-2,"Geelong",2021
"85","West Coast","Richmond","Round 13",0.55,0.45,-5,"Richmond",2021
"86","Hawthorn","Essendon","Round 14",0.64,0.36,-15,"Essendon",2021
"87","North Melbourne","Brisbane","Round 14",0.83,0.17,-37,"Brisbane",2021
"88","Geelong","Western Bulldogs","Round 14",0.42,0.58,9,"Geelong",2021
"89","Gold Coast","Port Adelaide","Round 14",0.64,0.36,-15,"Port Adelaide",2021
"90","GWS","Carlton","Round 14",0.41,0.59,10,"GWS",2021
"91","Brisbane","Geelong","Round 15",0.4,0.6,11,"Brisbane",2021
"92","Richmond","St Kilda","Round 15",0.21,0.79,33,"Richmond",2021
"93","North Melbourne","Gold Coast","Round 15",0.47,0.53,4,"North Melbourne",2021
"94","Collingwood","Fremantle","Round 15",0.48,0.52,2,"Collingwood",2021
"95","Port Adelaide","Sydney","Round 15",0.31,0.69,22,"Port Adelaide",2021
"96","Essendon","Melbourne","Round 15",0.71,0.29,-23,"Melbourne",2021
"97","GWS","Hawthorn","Round 15",0.48,0.52,2,"GWS",2021
"98","West Coast","Western Bulldogs","Round 15",0.49,0.51,2,"West Coast",2021
"99","Carlton","Adelaide","Round 15",0.38,0.62,14,"Carlton",2021
"100","Western Bulldogs","North Melbourne","Round 16",0.07,0.93,49,"Western Bulldogs",2021
"101","Adelaide","Brisbane","Round 16",0.76,0.24,-28,"Brisbane",2021
"102","Fremantle","Carlton","Round 16",0.52,0.48,-2,"Carlton",2021
"103","Collingwood","St Kilda","Round 16",0.49,0.51,1,"Collingwood",2021
"104","Geelong","Essendon","Round 16",0.23,0.77,31,"Geelong",2021
"105","Gold Coast","Richmond","Round 16",0.73,0.27,-25,"Richmond",2021
"106","Hawthorn","Port Adelaide","Round 16",0.69,0.31,-21,"Port Adelaide",2021
"107","Melbourne","GWS","Round 16",0.21,0.79,32,"Melbourne",2021
"108","Sydney","West Coast","Round 16",0.49,0.51,2,"Sydney",2021
"109","Port Adelaide","Melbourne","Round 17",0.48,0.52,4,"Port Adelaide",2021
"110","Essendon","Adelaide","Round 17",0.31,0.69,23,"Essendon",2021
"111","Hawthorn","Fremantle","Round 17",0.64,0.36,-14,"Fremantle",2021
"112","Carlton","Geelong","Round 17",0.7,0.3,-21,"Geelong",2021
"113","Brisbane","St Kilda","Round 17",0.25,0.75,29,"Brisbane",2021
"114","GWS","Gold Coast","Round 17",0.34,0.66,19,"GWS",2021
"115","Western Bulldogs","Sydney","Round 17",0.31,0.69,23,"Western Bulldogs",2021
"116","Richmond","Collingwood","Round 17",0.38,0.62,15,"Richmond",2021
"117","West Coast","North Melbourne","Round 17",0.23,0.77,32,"West Coast",2021
"118","Richmond","Brisbane","Round 18",0.67,0.33,-17,"Brisbane",2021
"119","Adelaide","West Coast","Round 18",0.64,0.36,-14,"West Coast",2021
"120","Fremantle","Geelong","Round 18",0.65,0.35,-15,"Geelong",2021
"121","Collingwood","Carlton","Round 18",0.61,0.39,-10,"Carlton",2021
"122","Gold Coast","Western Bulldogs","Round 18",0.78,0.22,-30,"Western Bulldogs",2021
"123","GWS","Sydney","Round 18",0.67,0.33,-17,"Sydney",2021
"124","Melbourne","Hawthorn","Round 18",0.11,0.89,44,"Melbourne",2021
"125","North Melbourne","Essendon","Round 18",0.7,0.3,-21,"Essendon",2021
"126","St Kilda","Port Adelaide","Round 18",0.62,0.38,-11,"Port Adelaide",2021
"127","Adelaide","Hawthorn","Round 19",0.63,0.37,-12,"Hawthorn",2021
"128","Brisbane","Gold Coast","Round 19",0.22,0.78,33,"Brisbane",2021
"129","Carlton","North Melbourne","Round 19",0.38,0.62,15,"Carlton",2021
"130","Essendon","GWS","Round 19",0.43,0.57,10,"Essendon",2021
"131","Geelong","Richmond","Round 19",0.34,0.66,20,"Geelong",2021
"132","Melbourne","Western Bulldogs","Round 19",0.49,0.51,2,"Melbourne",2021
"133","Port Adelaide","Collingwood","Round 19",0.33,0.67,21,"Port Adelaide",2021
"134","Sydney","Fremantle","Round 19",0.31,0.69,22,"Sydney",2021
"135","West Coast","St Kilda","Round 19",0.36,0.64,18,"West Coast",2021
"136","Collingwood","West Coast","Round 20",0.63,0.37,-13,"West Coast",2021
"137","Essendon","Sydney","Round 20",0.69,0.31,-20,"Sydney",2021
"138","Fremantle","Richmond","Round 20",0.64,0.36,-14,"Richmond",2021
"139","Gold Coast","Melbourne","Round 20",0.74,0.26,-25,"Melbourne",2021
"140","GWS","Port Adelaide","Round 20",0.67,0.33,-18,"Port Adelaide",2021
"141","Hawthorn","Brisbane","Round 20",0.74,0.26,-25,"Brisbane",2021
"142","North Melbourne","Geelong","Round 20",0.87,0.13,-40,"Geelong",2021
"143","St Kilda","Carlton","Round 20",0.41,0.59,12,"St Kilda",2021
"144","Western Bulldogs","Adelaide","Round 20",0.12,0.88,44,"Western Bulldogs",2021
"145","Adelaide","Port Adelaide","Round 21",0.83,0.17,-35,"Port Adelaide",2021
"146","Carlton","Gold Coast","Round 21",0.3,0.7,24,"Carlton",2021
"147","Fremantle","Brisbane","Round 21",0.66,0.34,-16,"Brisbane",2021
"148","Geelong","GWS","Round 21",0.22,0.78,32,"Geelong",2021
"149","Hawthorn","Collingwood","Round 21",0.61,0.39,-11,"Collingwood",2021
"150","Richmond","North Melbourne","Round 21",0.33,0.67,21,"Richmond",2021
"151","St Kilda","Sydney","Round 21",0.69,0.31,-19,"Sydney",2021
"152","West Coast","Melbourne","Round 21",0.7,0.3,-20,"Melbourne",2021
"153","Western Bulldogs","Essendon","Round 21",0.29,0.71,25,"Western Bulldogs",2021
"154","Brisbane","Collingwood","Round 22",0.18,0.82,37,"Brisbane",2021
"155","Fremantle","West Coast","Round 22",0.67,0.33,-18,"West Coast",2021
"156","Geelong","St Kilda","Round 22",0.25,0.75,30,"Geelong",2021
"157","Gold Coast","Essendon","Round 22",0.7,0.3,-21,"Essendon",2021
"158","GWS","Richmond","Round 22",0.65,0.35,-15,"Richmond",2021
"159","Hawthorn","Western Bulldogs","Round 22",0.79,0.21,-31,"Western Bulldogs",2021
"160","Melbourne","Adelaide","Round 22",0.12,0.88,44,"Melbourne",2021
"161","North Melbourne","Sydney","Round 22",0.69,0.31,-20,"Sydney",2021
"162","Port Adelaide","Carlton","Round 22",0.2,0.8,35,"Port Adelaide",2021
"163","Adelaide","North Melbourne","Round 23",0.49,0.51,3,"Adelaide",2021
"164","Brisbane","West Coast","Round 23",0.26,0.74,27,"Brisbane",2021
"165","Carlton","GWS","Round 23",0.7,0.3,-21,"GWS",2021
"166","Essendon","Collingwood","Round 23",0.29,0.71,24,"Essendon",2021
"167","Geelong","Melbourne","Round 23",0.49,0.51,2,"Geelong",2021
"168","Richmond","Hawthorn","Round 23",0.57,0.43,-7,"Hawthorn",2021
"169","St Kilda","Fremantle","Round 23",0.43,0.57,9,"St Kilda",2021
"170","Sydney","Gold Coast","Round 23",0.23,0.77,31,"Sydney",2021
"171","Western Bulldogs","Port Adelaide","Round 23",0.42,0.58,10,"Western Bulldogs",2021
"172","Melbourne","Brisbane","Round 24",0.42,0.58,10,"Melbourne",2021
"173","Port Adelaide","Geelong","Round 24",0.42,0.58,10,"Port Adelaide",2021
"174","Sydney","GWS","Round 24",0.41,0.59,11,"Sydney",2021
"175","Western Bulldogs","Essendon","Round 24",0.38,0.62,15,"Western Bulldogs",2021
"176","Brisbane","Western Bulldogs","Round 25",0.43,0.57,8,"Brisbane",2021
"177","Geelong","GWS","Round 25",0.32,0.68,21,"Geelong",2021
"178","Melbourne","Geelong","Round 26",0.38,0.62,14,"Melbourne",2021
"179","Port Adelaide","Western Bulldogs","Round 26",0.39,0.61,13,"Port Adelaide",2021
"180","Melbourne","Western Bulldogs","Round 27",0.47,0.53,5,"Melbourne",2021
"181","Collingwood","Adelaide","Round 2",0.34,0.66,19,"Collingwood",2022
"182","Essendon","Brisbane","Round 2",0.65,0.35,-15,"Brisbane",2022
"183","Fremantle","St Kilda","Round 2",0.47,0.53,4,"Fremantle",2022
"184","Gold Coast","Melbourne","Round 2",0.7,0.3,-21,"Melbourne",2022
"185","North Melbourne","West Coast","Round 2",0.27,0.73,27,"North Melbourne",2022
"186","Port Adelaide","Hawthorn","Round 2",0.31,0.69,23,"Port Adelaide",2022
"187","Richmond","GWS","Round 2",0.64,0.36,-14,"GWS",2022
"188","Sydney","Geelong","Round 2",0.43,0.57,10,"Sydney",2022
"189","Western Bulldogs","Carlton","Round 2",0.38,0.62,15,"Western Bulldogs",2022
"190","Adelaide","Port Adelaide","Round 3",0.53,0.47,-3,"Port Adelaide",2022
"191","Melbourne","Essendon","Round 3",0.24,0.76,31,"Melbourne",2022
"192","Western Bulldogs","Sydney","Round 3",0.53,0.47,-3,"Sydney",2022
"193","Brisbane","North Melbourne","Round 3",0.17,0.83,39,"Brisbane",2022
"194","Carlton","Hawthorn","Round 3",0.39,0.61,14,"Carlton",2022
"195","Collingwood","Geelong","Round 3",0.66,0.34,-16,"Geelong",2022
"196","GWS","Gold Coast","Round 3",0.43,0.57,9,"GWS",2022
"197","St Kilda","Richmond","Round 3",0.56,0.44,-5,"Richmond",2022
"198","West Coast","Fremantle","Round 3",0.55,0.45,-4,"Fremantle",2022
"199","Collingwood","West Coast","Round 4",0.22,0.78,31,"Collingwood",2022
"200","Essendon","Adelaide","Round 4",0.33,0.67,19,"Essendon",2022
"201","Fremantle","GWS","Round 4",0.51,0.49,-1,"GWS",2022
"202","Geelong","Brisbane","Round 4",0.43,0.57,7,"Geelong",2022
"203","Gold Coast","Carlton","Round 4",0.61,0.39,-13,"Carlton",2022
"204","Hawthorn","St Kilda","Round 4",0.47,0.53,3,"Hawthorn",2022
"205","Port Adelaide","Melbourne","Round 4",0.64,0.36,-16,"Melbourne",2022
"206","Richmond","Western Bulldogs","Round 4",0.62,0.38,-14,"Western Bulldogs",2022
"207","Sydney","North Melbourne","Round 4",0.13,0.87,42,"Sydney",2022
"208","Adelaide","Richmond","Round 5",0.56,0.44,-7,"Richmond",2022
"209","Brisbane","Collingwood","Round 5",0.22,0.78,31,"Brisbane",2022
"210","Carlton","Port Adelaide","Round 5",0.37,0.63,14,"Carlton",2022
"211","Essendon","Fremantle","Round 5",0.49,0.51,1,"Essendon",2022
"212","Hawthorn","Geelong","Round 5",0.64,0.36,-16,"Geelong",2022
"213","Melbourne","GWS","Round 5",0.21,0.79,33,"Melbourne",2022
"214","North Melbourne","Western Bulldogs","Round 5",0.78,0.22,-32,"Western Bulldogs",2022
"215","St Kilda","Gold Coast","Round 5",0.32,0.68,20,"St Kilda",2022
"216","West Coast","Sydney","Round 5",0.63,0.37,-15,"Sydney",2022
"217","Essendon","Collingwood","Round 6",0.64,0.36,-16,"Collingwood",2022
"218","Fremantle","Carlton","Round 6",0.39,0.61,12,"Fremantle",2022
"219","Gold Coast","Brisbane","Round 6",0.65,0.35,-17,"Brisbane",2022
"220","GWS","St Kilda","Round 6",0.53,0.47,-4,"St Kilda",2022
"221","Hawthorn","Sydney","Round 6",0.61,0.39,-13,"Sydney",2022
"222","North Melbourne","Geelong","Round 6",0.72,0.28,-25,"Geelong",2022
"223","Port Adelaide","West Coast","Round 6",0.34,0.66,18,"Port Adelaide",2022
"224","Richmond","Melbourne","Round 6",0.71,0.29,-24,"Melbourne",2022
"225","Western Bulldogs","Adelaide","Round 6",0.32,0.68,19,"Western Bulldogs",2022
"226","Adelaide","GWS","Round 7",0.4,0.6,11,"Adelaide",2022
"227","Carlton","North Melbourne","Round 7",0.26,0.74,27,"Carlton",2022
"228","Collingwood","Gold Coast","Round 7",0.37,0.63,15,"Collingwood",2022
"229","Geelong","Fremantle","Round 7",0.32,0.68,20,"Geelong",2022
"230","Melbourne","Hawthorn","Round 7",0.27,0.73,25,"Melbourne",2022
"231","St Kilda","Port Adelaide","Round 7",0.38,0.62,13,"St Kilda",2022
"232","Sydney","Brisbane","Round 7",0.49,0.51,1,"Sydney",2022
"233","West Coast","Richmond","Round 7",0.51,0.49,-1,"Richmond",2022
"234","Western Bulldogs","Essendon","Round 7",0.32,0.68,20,"Western Bulldogs",2022
"235","Brisbane","West Coast","Round 8",0.05,0.95,50,"Brisbane",2022
"236","Carlton","Adelaide","Round 8",0.31,0.69,21,"Carlton",2022
"237","Essendon","Hawthorn","Round 8",0.61,0.39,-12,"Hawthorn",2022
"238","Fremantle","North Melbourne","Round 8",0.13,0.87,42,"Fremantle",2022
"239","GWS","Geelong","Round 8",0.52,0.48,-3,"Geelong",2022
"240","Melbourne","St Kilda","Round 8",0.32,0.68,21,"Melbourne",2022
"241","Port Adelaide","Western Bulldogs","Round 8",0.44,0.56,7,"Port Adelaide",2022
"242","Richmond","Collingwood","Round 8",0.37,0.63,15,"Richmond",2022
"243","Sydney","Gold Coast","Round 8",0.17,0.83,37,"Sydney",2022
"244","Adelaide","Brisbane","Round 9",0.72,0.28,-25,"Brisbane",2022
"245","Collingwood","Western Bulldogs","Round 9",0.58,0.42,-10,"Western Bulldogs",2022
"246","Gold Coast","Fremantle","Round 9",0.62,0.38,-14,"Fremantle",2022
"247","GWS","Carlton","Round 9",0.53,0.47,-3,"Carlton",2022
"248","Hawthorn","Richmond","Round 9",0.66,0.34,-18,"Richmond",2022
"249","North Melbourne","Port Adelaide","Round 9",0.81,0.19,-35,"Port Adelaide",2022
"250","St Kilda","Geelong","Round 9",0.52,0.48,-2,"Geelong",2022
"251","Sydney","Essendon","Round 9",0.28,0.72,24,"Sydney",2022
"252","West Coast","Melbourne","Round 9",0.95,0.05,-51,"Melbourne",2022
"253","Adelaide","St Kilda","Round 10",0.65,0.35,-17,"St Kilda",2022
"254","Carlton","Sydney","Round 10",0.55,0.45,-6,"Sydney",2022
"255","Fremantle","Collingwood","Round 10",0.25,0.75,29,"Fremantle",2022
"256","Geelong","Port Adelaide","Round 10",0.34,0.66,18,"Geelong",2022
"257","GWS","West Coast","Round 10",0.15,0.85,40,"GWS",2022
"258","Hawthorn","Brisbane","Round 10",0.68,0.32,-20,"Brisbane",2022
"259","North Melbourne","Melbourne","Round 10",0.96,0.04,-52,"Melbourne",2022
"260","Richmond","Essendon","Round 10",0.26,0.74,27,"Richmond",2022
"261","Western Bulldogs","Gold Coast","Round 10",0.36,0.64,16,"Western Bulldogs",2022
"262","Brisbane","GWS","Round 11",0.16,0.84,38,"Brisbane",2022
"263","Collingwood","Carlton","Round 11",0.62,0.38,-14,"Carlton",2022
"264","Geelong","Adelaide","Round 11",0.13,0.87,41,"Geelong",2022
"265","Gold Coast","Hawthorn","Round 11",0.42,0.58,9,"Gold Coast",2022
"266","Melbourne","Fremantle","Round 11",0.25,0.75,28,"Melbourne",2022
"267","Port Adelaide","Essendon","Round 11",0.15,0.85,39,"Port Adelaide",2022
"268","St Kilda","North Melbourne","Round 11",0.1,0.9,45,"St Kilda",2022
"269","Sydney","Richmond","Round 11",0.34,0.66,18,"Sydney",2022
"270","West Coast","Western Bulldogs","Round 11",0.92,0.08,-47,"Western Bulldogs",2022
"271","Adelaide","West Coast","Round 12",0.14,0.86,40,"Adelaide",2022
"272","Fremantle","Brisbane","Round 12",0.53,0.47,-3,"Brisbane",2022
"273","Gold Coast","North Melbourne","Round 12",0.14,0.86,41,"Gold Coast",2022
"274","Hawthorn","Collingwood","Round 12",0.63,0.37,-14,"Collingwood",2022
"275","Melbourne","Sydney","Round 12",0.26,0.74,27,"Melbourne",2022
"276","Western Bulldogs","Geelong","Round 12",0.49,0.51,1,"Western Bulldogs",2022
"277","Brisbane","St Kilda","Round 13",0.35,0.65,17,"Brisbane",2022
"278","Collingwood","Melbourne","Round 13",0.65,0.35,-17,"Melbourne",2022
"279","Essendon","Carlton","Round 13",0.65,0.35,-17,"Carlton",2022
"280","Fremantle","Hawthorn","Round 13",0.15,0.85,39,"Fremantle",2022
"281","North Melbourne","GWS","Round 13",0.76,0.24,-30,"GWS",2022
"282","Richmond","Port Adelaide","Round 13",0.36,0.64,16,"Richmond",2022
"283","Gold Coast","Adelaide","Round 14",0.26,0.74,27,"Gold Coast",2022
"284","GWS","Western Bulldogs","Round 14",0.58,0.42,-9,"Western Bulldogs",2022
"285","Port Adelaide","Sydney","Round 14",0.57,0.43,-8,"Sydney",2022
"286","Richmond","Carlton","Round 14",0.47,0.53,3,"Richmond",2022
"287","St Kilda","Essendon","Round 14",0.26,0.74,26,"St Kilda",2022
"288","West Coast","Geelong","Round 14",0.94,0.06,-50,"Geelong",2022
"289","Carlton","Fremantle","Round 15",0.57,0.43,-8,"Fremantle",2022
"290","Collingwood","GWS","Round 15",0.38,0.62,13,"Collingwood",2022
"291","Geelong","Richmond","Round 15",0.49,0.51,1,"Geelong",2022
"292","Melbourne","Brisbane","Round 15",0.38,0.62,14,"Melbourne",2022
"293","North Melbourne","Adelaide","Round 15",0.65,0.35,-17,"Adelaide",2022
"294","Port Adelaide","Gold Coast","Round 15",0.36,0.64,15,"Port Adelaide",2022
"295","Sydney","St Kilda","Round 15",0.34,0.66,18,"Sydney",2022
"296","West Coast","Essendon","Round 15",0.64,0.36,-16,"Essendon",2022
"297","Western Bulldogs","Hawthorn","Round 15",0.33,0.67,19,"Western Bulldogs",2022
"298","Adelaide","Melbourne","Round 16",0.85,0.15,-39,"Melbourne",2022
"299","Brisbane","Western Bulldogs","Round 16",0.33,0.67,19,"Brisbane",2022
"300","Carlton","St Kilda","Round 16",0.46,0.54,4,"Carlton",2022
"301","Essendon","Sydney","Round 16",0.68,0.32,-21,"Sydney",2022
"302","Fremantle","Port Adelaide","Round 16",0.34,0.66,18,"Fremantle",2022
"303","Geelong","North Melbourne","Round 16",0.05,0.95,50,"Geelong",2022
"304","Gold Coast","Collingwood","Round 16",0.48,0.52,2,"Gold Coast",2022
"305","GWS","Hawthorn","Round 16",0.4,0.6,11,"GWS",2022
"306","Richmond","West Coast","Round 16",0.12,0.88,43,"Richmond",2022
"307","Brisbane","Essendon","Round 17",0.2,0.8,33,"Brisbane",2022
"308","Collingwood","North Melbourne","Round 17",0.06,0.94,49,"Collingwood",2022
"309","Geelong","Melbourne","Round 17",0.54,0.46,-5,"Melbourne",2022
"310","Gold Coast","Richmond","Round 17",0.53,0.47,-3,"Richmond",2022
"311","Hawthorn","Adelaide","Round 17",0.38,0.62,13,"Hawthorn",2022
"312","Port Adelaide","GWS","Round 17",0.33,0.67,19,"Port Adelaide",2022
"313","St Kilda","Fremantle","Round 17",0.55,0.45,-5,"Fremantle",2022
"314","Sydney","Western Bulldogs","Round 17",0.37,0.63,14,"Sydney",2022
"315","West Coast","Carlton","Round 17",0.66,0.34,-18,"Carlton",2022
"316","Adelaide","Collingwood","Round 18",0.62,0.38,-14,"Collingwood",2022
"317","Carlton","Geelong","Round 18",0.63,0.37,-15,"Geelong",2022
"318","Essendon","Gold Coast","Round 18",0.58,0.42,-9,"Gold Coast",2022
"319","Fremantle","Sydney","Round 18",0.4,0.6,11,"Fremantle",2022
"320","GWS","Brisbane","Round 18",0.61,0.39,-13,"Brisbane",2022
"321","Hawthorn","West Coast","Round 18",0.22,0.78,32,"Hawthorn",2022
"322","Melbourne","Port Adelaide","Round 18",0.35,0.65,17,"Melbourne",2022
"323","North Melbourne","Richmond","Round 18",0.92,0.08,-48,"Richmond",2022
"324","Western Bulldogs","St Kilda","Round 18",0.39,0.61,12,"Western Bulldogs",2022
"325","Brisbane","Gold Coast","Round 19",0.27,0.73,25,"Brisbane",2022
"326","Carlton","GWS","Round 19",0.22,0.78,32,"Carlton",2022
"327","Collingwood","Essendon","Round 19",0.37,0.63,14,"Collingwood",2022
"328","North Melbourne","Hawthorn","Round 19",0.67,0.33,-20,"Hawthorn",2022
"329","Port Adelaide","Geelong","Round 19",0.62,0.38,-13,"Geelong",2022
"330","Richmond","Fremantle","Round 19",0.56,0.44,-7,"Fremantle",2022
"331","Sydney","Adelaide","Round 19",0.15,0.85,39,"Sydney",2022
"332","West Coast","St Kilda","Round 19",0.68,0.32,-20,"St Kilda",2022
"333","Western Bulldogs","Melbourne","Round 19",0.63,0.37,-15,"Melbourne",2022
"334","Adelaide","Carlton","Round 20",0.63,0.37,-15,"Carlton",2022
"335","Collingwood","Port Adelaide","Round 20",0.46,0.54,5,"Collingwood",2022
"336","Essendon","North Melbourne","Round 20",0.13,0.87,42,"Essendon",2022
"337","Fremantle","Melbourne","Round 20",0.59,0.41,-10,"Melbourne",2022
"338","Geelong","Western Bulldogs","Round 20",0.29,0.71,24,"Geelong",2022
"339","Gold Coast","West Coast","Round 20",0.14,0.86,40,"Gold Coast",2022
"340","Richmond","Brisbane","Round 20",0.52,0.48,-3,"Brisbane",2022
"341","St Kilda","Hawthorn","Round 20",0.39,0.61,12,"St Kilda",2022
"342","Sydney","GWS","Round 20",0.19,0.81,34,"Sydney",2022
"343","Brisbane","Carlton","Round 21",0.31,0.69,21,"Brisbane",2022
"344","Geelong","St Kilda","Round 21",0.19,0.81,35,"Geelong",2022
"345","GWS","Essendon","Round 21",0.55,0.45,-6,"Essendon",2022
"346","Hawthorn","Gold Coast","Round 21",0.53,0.47,-3,"Gold Coast",2022
"347","Melbourne","Collingwood","Round 21",0.33,0.67,18,"Melbourne",2022
"348","North Melbourne","Sydney","Round 21",0.93,0.07,-49,"Sydney",2022
"349","Port Adelaide","Richmond","Round 21",0.51,0.49,-1,"Richmond",2022
"350","West Coast","Adelaide","Round 21",0.6,0.4,-12,"Adelaide",2022
"351","Western Bulldogs","Fremantle","Round 21",0.36,0.64,15,"Western Bulldogs",2022
"352","Adelaide","North Melbourne","Round 22",0.16,0.84,38,"Adelaide",2022
"353","Essendon","Port Adelaide","Round 22",0.47,0.53,3,"Essendon",2022
"354","Fremantle","West Coast","Round 22",0.11,0.89,44,"Fremantle",2022
"355","Gold Coast","Geelong","Round 22",0.71,0.29,-24,"Geelong",2022
"356","Melbourne","Carlton","Round 22",0.28,0.72,25,"Melbourne",2022
"357","Richmond","Hawthorn","Round 22",0.33,0.67,19,"Richmond",2022
"358","St Kilda","Brisbane","Round 22",0.58,0.42,-10,"Brisbane",2022
"359","Sydney","Collingwood","Round 22",0.3,0.7,22,"Sydney",2022
"360","Western Bulldogs","GWS","Round 22",0.19,0.81,35,"Western Bulldogs",2022
"361","Brisbane","Melbourne","Round 23",0.47,0.53,4,"Brisbane",2022
"362","Carlton","Collingwood","Round 23",0.53,0.47,-3,"Collingwood",2022
"363","Essendon","Richmond","Round 23",0.7,0.3,-23,"Richmond",2022
"364","Geelong","West Coast","Round 23",0.06,0.94,49,"Geelong",2022
"365","GWS","Fremantle","Round 23",0.65,0.35,-17,"Fremantle",2022
"366","Hawthorn","Western Bulldogs","Round 23",0.64,0.36,-17,"Western Bulldogs",2022
"367","North Melbourne","Gold Coast","Round 23",0.68,0.32,-20,"Gold Coast",2022
"368","Port Adelaide","Adelaide","Round 23",0.35,0.65,16,"Port Adelaide",2022
"369","St Kilda","Sydney","Round 23",0.68,0.32,-20,"Sydney",2022
"370","Brisbane","Richmond","Round 24",0.54,0.46,-5,"Richmond",2022
"371","Fremantle","Western Bulldogs","Round 24",0.37,0.63,14,"Fremantle",2022
"372","Geelong","Collingwood","Round 24",0.28,0.72,25,"Geelong",2022
"373","Melbourne","Sydney","Round 24",0.42,0.58,9,"Melbourne",2022
"374","Collingwood","Fremantle","Round 25",0.41,0.59,10,"Collingwood",2022
"375","Melbourne","Brisbane","Round 25",0.31,0.69,21,"Melbourne",2022
"376","Geelong","Brisbane","Round 26",0.26,0.74,26,"Geelong",2022
"377","Sydney","Collingwood","Round 26",0.3,0.7,22,"Sydney",2022
"378","Geelong","Sydney","Round 27",0.37,0.63,14,"Geelong",2022
"379","Geelong","Collingwood","Round 1",0.4,0.6,14,"Geelong",2023
"380","Gold Coast","Sydney","Round 1",0.61,0.39,-10,"Sydney",2023
"381","GWS","Adelaide","Round 1",0.42,0.58,11,"GWS",2023
"382","Hawthorn","Essendon","Round 1",0.6,0.4,-9,"Essendon",2023
"383","Melbourne","Western Bulldogs","Round 1",0.43,0.57,11,"Melbourne",2023
"384","North Melbourne","West Coast","Round 1",0.52,0.48,0,"West Coast",2023
"385","Port Adelaide","Brisbane","Round 1",0.54,0.46,-3,"Brisbane",2023
"386","Richmond","Carlton","Round 1",0.44,0.56,9,"Richmond",2023
"387","St Kilda","Fremantle","Round 1",0.61,0.39,-11,"Fremantle",2023
"388","Adelaide","Richmond","Round 2",0.61,0.39,-10,"Richmond",2023
"389","Brisbane","Melbourne","Round 2",0.49,0.51,4,"Brisbane",2023
"390","Carlton","Geelong","Round 2",0.61,0.39,-10,"Geelong",2023
"391","Collingwood","Port Adelaide","Round 2",0.39,0.61,15,"Collingwood",2023
"392","Essendon","Gold Coast","Round 2",0.39,0.61,15,"Essendon",2023
"393","Fremantle","North Melbourne","Round 2",0.24,0.76,33,"Fremantle",2023
"394","Sydney","Hawthorn","Round 2",0.16,0.84,42,"Sydney",2023
"395","West Coast","GWS","Round 2",0.53,0.47,-1,"GWS",2023
"396","Western Bulldogs","St Kilda","Round 2",0.37,0.63,17,"Western Bulldogs",2023
"397","Collingwood","Richmond","Round 3",0.35,0.65,20,"Collingwood",2023
"398","Fremantle","West Coast","Round 3",0.37,0.63,17,"Fremantle",2023
"399","Gold Coast","Geelong","Round 3",0.65,0.35,-15,"Geelong",2023
"400","GWS","Carlton","Round 3",0.61,0.39,-10,"Carlton",2023
"401","Hawthorn","North Melbourne","Round 3",0.62,0.38,-12,"North Melbourne",2023
"402","Melbourne","Sydney","Round 3",0.48,0.52,5,"Melbourne",2023
"403","Port Adelaide","Adelaide","Round 3",0.36,0.64,19,"Port Adelaide",2023
"404","St Kilda","Essendon","Round 3",0.48,0.52,5,"St Kilda",2023
"405","Western Bulldogs","Brisbane","Round 3",0.59,0.41,-8,"Brisbane",2023
"406","Adelaide","Fremantle","Round 4",0.5,0.5,2,"Adelaide",2023
"407","Brisbane","Collingwood","Round 4",0.57,0.43,-5,"Collingwood",2023
"408","Essendon","GWS","Round 4",0.38,0.62,16,"Essendon",2023
"409","Geelong","Hawthorn","Round 4",0.27,0.73,29,"Geelong",2023
"410","North Melbourne","Carlton","Round 4",0.71,0.29,-23,"Carlton",2023
"411","Richmond","Western Bulldogs","Round 4",0.37,0.63,17,"Richmond",2023
"412","St Kilda","Gold Coast","Round 4",0.39,0.61,15,"St Kilda",2023
"413","Sydney","Port Adelaide","Round 4",0.33,0.67,22,"Sydney",2023
"414","West Coast","Melbourne","Round 4",0.87,0.13,-40,"Melbourne",2023
"415","Adelaide","Carlton","Round 5",0.53,0.47,-2,"Carlton",2023
"416","Brisbane","North Melbourne","Round 5",0.27,0.73,29,"Brisbane",2023
"417","Collingwood","St Kilda","Round 5",0.37,0.63,18,"Collingwood",2023
"418","Essendon","Melbourne","Round 5",0.71,0.29,-21,"Melbourne",2023
"419","Fremantle","Gold Coast","Round 5",0.44,0.56,10,"Fremantle",2023
"420","Geelong","West Coast","Round 5",0.16,0.84,42,"Geelong",2023
"421","GWS","Hawthorn","Round 5",0.36,0.64,19,"GWS",2023
"422","Port Adelaide","Western Bulldogs","Round 5",0.39,0.61,15,"Port Adelaide",2023
"423","Richmond","Sydney","Round 5",0.63,0.37,-12,"Sydney",2023
"424","Carlton","St Kilda","Round 6",0.58,0.42,-7,"St Kilda",2023
"425","Collingwood","Essendon","Round 6",0.37,0.63,17,"Collingwood",2023
"426","Fremantle","Western Bulldogs","Round 6",0.5,0.5,2,"Fremantle",2023
"427","Geelong","Sydney","Round 6",0.37,0.63,18,"Geelong",2023
"428","Gold Coast","North Melbourne","Round 6",0.29,0.71,26,"Gold Coast",2023
"429","GWS","Brisbane","Round 6",0.69,0.31,-20,"Brisbane",2023
"430","Hawthorn","Adelaide","Round 6",0.72,0.28,-23,"Adelaide",2023
"431","Melbourne","Richmond","Round 6",0.3,0.7,26,"Melbourne",2023
"432","Port Adelaide","West Coast","Round 6",0.1,0.9,49,"Port Adelaide",2023
"433","Adelaide","Collingwood","Round 7",0.6,0.4,-9,"Collingwood",2023
"434","Brisbane","Fremantle","Round 7",0.2,0.8,37,"Brisbane",2023
"435","Essendon","Geelong","Round 7",0.66,0.34,-17,"Geelong",2023
"436","Melbourne","North Melbourne","Round 7",0.12,0.88,46,"Melbourne",2023
"437","Richmond","Gold Coast","Round 7",0.35,0.65,20,"Richmond",2023
"438","St Kilda","Port Adelaide","Round 7",0.4,0.6,14,"St Kilda",2023
"439","Sydney","GWS","Round 7",0.27,0.73,30,"Sydney",2023
"440","West Coast","Carlton","Round 7",0.74,0.26,-25,"Carlton",2023
"441","Western Bulldogs","Hawthorn","Round 7",0.28,0.72,28,"Western Bulldogs",2023
"442","Carlton","Brisbane","Round 8",0.52,0.48,0,"Brisbane",2023
"443","Collingwood","Sydney","Round 8",0.36,0.64,19,"Collingwood",2023
"444","Fremantle","Hawthorn","Round 8",0.35,0.65,20,"Fremantle",2023
"445","Geelong","Adelaide","Round 8",0.29,0.71,27,"Geelong",2023
"446","Gold Coast","Melbourne","Round 8",0.69,0.31,-19,"Melbourne",2023
"447","GWS","Western Bulldogs","Round 8",0.65,0.35,-15,"Western Bulldogs",2023
"448","North Melbourne","St Kilda","Round 8",0.84,0.16,-37,"St Kilda",2023
"449","Port Adelaide","Essendon","Round 8",0.4,0.6,14,"Port Adelaide",2023
"450","Richmond","West Coast","Round 8",0.16,0.84,42,"Richmond",2023
"451","Adelaide","St Kilda","Round 9",0.44,0.56,9,"Adelaide",2023
"452","Brisbane","Essendon","Round 9",0.3,0.7,26,"Brisbane",2023
"453","Carlton","Western Bulldogs","Round 9",0.58,0.42,-7,"Western Bulldogs",2023
"454","Collingwood","GWS","Round 9",0.24,0.76,32,"Collingwood",2023
"455","Hawthorn","Melbourne","Round 9",0.87,0.13,-41,"Melbourne",2023
"456","North Melbourne","Port Adelaide","Round 9",0.8,0.2,-33,"Port Adelaide",2023
"457","Richmond","Geelong","Round 9",0.72,0.28,-23,"Geelong",2023
"458","Sydney","Fremantle","Round 9",0.32,0.68,23,"Sydney",2023
"459","West Coast","Gold Coast","Round 9",0.74,0.26,-25,"Gold Coast",2023
"460","Brisbane","Gold Coast","Round 10",0.31,0.69,25,"Brisbane",2023
"461","Carlton","Collingwood","Round 10",0.68,0.32,-18,"Collingwood",2023
"462","Essendon","Richmond","Round 10",0.6,0.4,-10,"Richmond",2023
"463","Fremantle","Geelong","Round 10",0.65,0.35,-15,"Geelong",2023
"464","GWS","St Kilda","Round 10",0.62,0.38,-11,"St Kilda",2023
"465","Hawthorn","West Coast","Round 10",0.28,0.72,28,"Hawthorn",2023
"466","North Melbourne","Sydney","Round 10",0.83,0.17,-36,"Sydney",2023
"467","Port Adelaide","Melbourne","Round 10",0.62,0.38,-11,"Melbourne",2023
"468","Western Bulldogs","Adelaide","Round 10",0.46,0.54,7,"Western Bulldogs",2023
"469","Adelaide","Brisbane","Round 11",0.59,0.41,-8,"Brisbane",2023
"470","Collingwood","North Melbourne","Round 11",0.08,0.92,51,"Collingwood",2023
"471","Geelong","GWS","Round 11",0.14,0.86,44,"Geelong",2023
"472","Gold Coast","Western Bulldogs","Round 11",0.65,0.35,-15,"Western Bulldogs",2023
"473","Melbourne","Fremantle","Round 11",0.31,0.69,25,"Melbourne",2023
"474","Richmond","Port Adelaide","Round 11",0.61,0.39,-11,"Port Adelaide",2023
"475","St Kilda","Hawthorn","Round 11",0.27,0.73,29,"St Kilda",2023
"476","Sydney","Carlton","Round 11",0.57,0.43,-6,"Carlton",2023
"477","West Coast","Essendon","Round 11",0.92,0.08,-46,"Essendon",2023
"478","Essendon","North Melbourne","Round 12",0.23,0.77,33,"Essendon",2023
"479","Gold Coast","Adelaide","Round 12",0.55,0.45,-4,"Adelaide",2023
"480","GWS","Richmond","Round 12",0.54,0.46,-3,"Richmond",2023
"481","Melbourne","Carlton","Round 12",0.33,0.67,23,"Melbourne",2023
"482","Port Adelaide","Hawthorn","Round 12",0.2,0.8,37,"Port Adelaide",2023
"483","West Coast","Collingwood","Round 12",0.93,0.07,-48,"Collingwood",2023
"484","Western Bulldogs","Geelong","Round 12",0.45,0.55,8,"Western Bulldogs",2023
"485","Adelaide","West Coast","Round 13",0.07,0.93,53,"Adelaide",2023
"486","Carlton","Essendon","Round 13",0.6,0.4,-9,"Essendon",2023
"487","Fremantle","Richmond","Round 13",0.37,0.63,17,"Fremantle",2023
"488","Hawthorn","Brisbane","Round 13",0.74,0.26,-25,"Brisbane",2023
"489","Melbourne","Collingwood","Round 13",0.56,0.44,-5,"Collingwood",2023
"490","North Melbourne","GWS","Round 13",0.7,0.3,-21,"GWS",2023
"491","Sydney","St Kilda","Round 13",0.5,0.5,2,"St Kilda",2023
"492","Western Bulldogs","Port Adelaide","Round 13",0.59,0.41,-8,"Port Adelaide",2023
"493","Brisbane","Sydney","Round 14",0.26,0.74,30,"Brisbane",2023
"494","Carlton","Gold Coast","Round 14",0.54,0.46,-2,"Gold Coast",2023
"495","GWS","Fremantle","Round 14",0.58,0.42,-7,"Fremantle",2023
"496","North Melbourne","Western Bulldogs","Round 14",0.82,0.18,-35,"Western Bulldogs",2023
"497","Port Adelaide","Geelong","Round 14",0.41,0.59,12,"Port Adelaide",2023
"498","Richmond","St Kilda","Round 14",0.52,0.48,0,"St Kilda",2023
"499","Collingwood","Adelaide","Round 15",0.34,0.66,21,"Collingwood",2023
"500","Fremantle","Essendon","Round 15",0.5,0.5,0,"Essendon",2023
"501","Geelong","Melbourne","Round 15",0.52,0.48,0,"Melbourne",2023
"502","Gold Coast","Hawthorn","Round 15",0.29,0.71,27,"Gold Coast",2023
"503","St Kilda","Brisbane","Round 15",0.6,0.4,-9,"Brisbane",2023
"504","Sydney","West Coast","Round 15",0.07,0.93,52,"Sydney",2023
"505","Adelaide","North Melbourne","Round 16",0.11,0.89,48,"Adelaide",2023
"506","Brisbane","Richmond","Round 16",0.34,0.66,21,"Brisbane",2023
"507","Essendon","Port Adelaide","Round 16",0.67,0.33,-17,"Port Adelaide",2023
"508","Gold Coast","Collingwood","Round 16",0.64,0.36,-14,"Collingwood",2023
"509","Hawthorn","Carlton","Round 16",0.7,0.3,-21,"Carlton",2023
"510","Melbourne","GWS","Round 16",0.3,0.7,25,"Melbourne",2023
"511","Sydney","Geelong","Round 16",0.6,0.4,-10,"Geelong",2023
"512","West Coast","St Kilda","Round 16",0.93,0.07,-47,"St Kilda",2023
"513","Western Bulldogs","Fremantle","Round 16",0.4,0.6,14,"Western Bulldogs",2023
"514","Brisbane","West Coast","Round 17",0.05,0.95,54,"Brisbane",2023
"515","Essendon","Adelaide","Round 17",0.57,0.43,-6,"Adelaide",2023
"516","Fremantle","Carlton","Round 17",0.49,0.51,4,"Fremantle",2023
"517","Geelong","North Melbourne","Round 17",0.09,0.91,51,"Geelong",2023
"518","GWS","Hawthorn","Round 17",0.26,0.74,31,"GWS",2023
"519","Port Adelaide","Gold Coast","Round 17",0.25,0.75,32,"Port Adelaide",2023
"520","Richmond","Sydney","Round 17",0.52,0.48,0,"Sydney",2023
"521","St Kilda","Melbourne","Round 17",0.69,0.31,-19,"Melbourne",2023
"522","Western Bulldogs","Collingwood","Round 17",0.67,0.33,-17,"Collingwood",2023
"523","Adelaide","GWS","Round 18",0.35,0.65,20,"Adelaide",2023
"524","Carlton","Port Adelaide","Round 18",0.65,0.35,-15,"Port Adelaide",2023
"525","Collingwood","Fremantle","Round 18",0.15,0.85,43,"Collingwood",2023
"526","Geelong","Essendon","Round 18",0.32,0.68,23,"Geelong",2023
"527","Gold Coast","St Kilda","Round 18",0.45,0.55,8,"Gold Coast",2023
"528","Melbourne","Brisbane","Round 18",0.53,0.47,-1,"Brisbane",2023
"529","North Melbourne","Hawthorn","Round 18",0.69,0.31,-19,"Hawthorn",2023
"530","Sydney","Western Bulldogs","Round 18",0.53,0.47,-1,"Western Bulldogs",2023
"531","West Coast","Richmond","Round 18",0.89,0.11,-43,"Richmond",2023
"532","Brisbane","Geelong","Round 19",0.4,0.6,14,"Brisbane",2023
"533","Carlton","West Coast","Round 19",0.06,0.94,54,"Carlton",2023
"534","Essendon","Western Bulldogs","Round 19",0.62,0.38,-11,"Western Bulldogs",2023
"535","Fremantle","Sydney","Round 19",0.61,0.39,-11,"Sydney",2023
"536","GWS","Gold Coast","Round 19",0.44,0.56,10,"GWS",2023
"537","Melbourne","Adelaide","Round 19",0.36,0.64,19,"Melbourne",2023
"538","Port Adelaide","Collingwood","Round 19",0.57,0.43,-6,"Collingwood",2023
"539","Richmond","Hawthorn","Round 19",0.33,0.67,23,"Richmond",2023
"540","St Kilda","North Melbourne","Round 19",0.16,0.84,42,"St Kilda",2023
"541","Adelaide","Port Adelaide","Round 20",0.68,0.32,-19,"Port Adelaide",2023
"542","Collingwood","Carlton","Round 20",0.34,0.66,21,"Collingwood",2023
"543","Essendon","Sydney","Round 20",0.62,0.38,-11,"Sydney",2023
"544","Geelong","Fremantle","Round 20",0.13,0.87,46,"Geelong",2023
"545","Gold Coast","Brisbane","Round 20",0.72,0.28,-23,"Brisbane",2023
"546","Hawthorn","St Kilda","Round 20",0.65,0.35,-15,"St Kilda",2023
"547","Richmond","Melbourne","Round 20",0.68,0.32,-19,"Melbourne",2023
"548","West Coast","North Melbourne","Round 20",0.66,0.34,-16,"North Melbourne",2023
"549","Western Bulldogs","GWS","Round 20",0.44,0.56,9,"Western Bulldogs",2023
"550","Adelaide","Gold Coast","Round 21",0.35,0.65,20,"Adelaide",2023
"551","Essendon","West Coast","Round 21",0.08,0.92,52,"Essendon",2023
"552","Fremantle","Brisbane","Round 21",0.7,0.3,-21,"Brisbane",2023
"553","Geelong","Port Adelaide","Round 21",0.44,0.56,10,"Geelong",2023
"554","GWS","Sydney","Round 21",0.53,0.47,-1,"Sydney",2023
"555","Hawthorn","Collingwood","Round 21",0.81,0.19,-34,"Collingwood",2023
"556","North Melbourne","Melbourne","Round 21",0.91,0.09,-45,"Melbourne",2023
"557","St Kilda","Carlton","Round 21",0.68,0.32,-19,"Carlton",2023
"558","Western Bulldogs","Richmond","Round 21",0.45,0.55,9,"Western Bulldogs",2023
"559","Brisbane","Adelaide","Round 22",0.35,0.65,20,"Brisbane",2023
"560","Carlton","Melbourne","Round 22",0.62,0.38,-12,"Melbourne",2023
"561","Collingwood","Geelong","Round 22",0.49,0.51,4,"Collingwood",2023
"562","Hawthorn","Western Bulldogs","Round 22",0.71,0.29,-22,"Western Bulldogs",2023
"563","North Melbourne","Essendon","Round 22",0.76,0.24,-28,"Essendon",2023
"564","Port Adelaide","GWS","Round 22",0.36,0.64,19,"Port Adelaide",2023
"565","St Kilda","Richmond","Round 22",0.53,0.47,-1,"Richmond",2023
"566","Sydney","Gold Coast","Round 22",0.35,0.65,20,"Sydney",2023
"567","West Coast","Fremantle","Round 22",0.81,0.19,-34,"Fremantle",2023
"568","Adelaide","Sydney","Round 23",0.42,0.58,12,"Adelaide",2023
"569","Collingwood","Brisbane","Round 23",0.58,0.42,-7,"Brisbane",2023
"570","Fremantle","Port Adelaide","Round 23",0.69,0.31,-19,"Port Adelaide",2023
"571","Gold Coast","Carlton","Round 23",0.65,0.35,-16,"Carlton",2023
"572","GWS","Essendon","Round 23",0.36,0.64,19,"GWS",2023
"573","Melbourne","Hawthorn","Round 23",0.23,0.77,33,"Melbourne",2023
"574","Richmond","North Melbourne","Round 23",0.21,0.79,36,"Richmond",2023
"575","St Kilda","Geelong","Round 23",0.65,0.35,-15,"Geelong",2023
"576","Western Bulldogs","West Coast","Round 23",0.06,0.94,54,"Western Bulldogs",2023
"577","Brisbane","St Kilda","Round 24",0.3,0.7,26,"Brisbane",2023
"578","Carlton","GWS","Round 24",0.42,0.58,11,"Carlton",2023
"579","Essendon","Collingwood","Round 24",0.75,0.25,-27,"Collingwood",2023
"580","Geelong","Western Bulldogs","Round 24",0.59,0.41,-8,"Western Bulldogs",2023
"581","Hawthorn","Fremantle","Round 24",0.51,0.49,0,"Fremantle",2023
"582","North Melbourne","Gold Coast","Round 24",0.74,0.26,-26,"Gold Coast",2023
"583","Port Adelaide","Richmond","Round 24",0.21,0.79,36,"Port Adelaide",2023
"584","Sydney","Melbourne","Round 24",0.57,0.43,-6,"Melbourne",2023
"585","West Coast","Adelaide","Round 24",0.86,0.14,-40,"Adelaide",2023
"586","Brisbane","Port Adelaide","Round 25",0.4,0.6,14,"Brisbane",2023
"587","Carlton","Sydney","Round 25",0.39,0.61,15,"Carlton",2023
"588","Collingwood","Melbourne","Round 25",0.57,0.43,-5,"Melbourne",2023
"589","St Kilda","GWS","Round 25",0.61,0.39,-10,"GWS",2023
"590","Melbourne","Carlton","Round 26",0.44,0.56,9,"Melbourne",2023
"591","Port Adelaide","GWS","Round 26",0.44,0.56,10,"Port Adelaide",2023
"592","Brisbane","Carlton","Round 27",0.35,0.65,19,"Brisbane",2023
"593","Collingwood","GWS","Round 27",0.43,0.57,11,"Collingwood",2023
"594","Collingwood","Brisbane","Round 28",0.52,0.48,0,"Brisbane",2023
"595","Brisbane","Carlton","Round 0",0.52,0.48,0,"Carlton",2024
"596","Gold Coast","Richmond","Round 0",0.59,0.41,-8,"Richmond",2024
"597","GWS","Collingwood","Round 0",0.52,0.48,0,"Collingwood",2024
"598","Sydney","Melbourne","Round 0",0.59,0.41,-8,"Melbourne",2024
"599","Carlton","Richmond","Round 1",0.35,0.65,20,"Carlton",2024
"600","Collingwood","Sydney","Round 1",0.39,0.61,15,"Collingwood",2024
"601","Essendon","Hawthorn","Round 1",0.45,0.55,8,"Essendon",2024
"602","Fremantle","Brisbane","Round 1",0.63,0.37,-12,"Brisbane",2024
"603","Geelong","St Kilda","Round 1",0.4,0.6,15,"Geelong",2024
"604","Gold Coast","Adelaide","Round 1",0.44,0.56,9,"Gold Coast",2024
"605","GWS","North Melbourne","Round 1",0.14,0.86,44,"GWS",2024
"606","Melbourne","Western Bulldogs","Round 1",0.43,0.57,10,"Melbourne",2024
"607","Port Adelaide","West Coast","Round 1",0.13,0.87,45,"Port Adelaide",2024
"608","Adelaide","Geelong","Round 2",0.42,0.58,11,"Adelaide",2024
"609","Hawthorn","Melbourne","Round 2",0.69,0.31,-20,"Melbourne",2024
"610","North Melbourne","Fremantle","Round 2",0.67,0.33,-17,"Fremantle",2024
"611","Richmond","Port Adelaide","Round 2",0.62,0.38,-12,"Port Adelaide",2024
"612","St Kilda","Collingwood","Round 2",0.6,0.4,-10,"Collingwood",2024
"613","Sydney","Essendon","Round 2",0.26,0.74,30,"Sydney",2024
"614","West Coast","GWS","Round 2",0.86,0.14,-39,"GWS",2024
"615","Western Bulldogs","Gold Coast","Round 2",0.46,0.54,7,"Western Bulldogs",2024
"616","Brisbane","Collingwood","Round 3",0.34,0.66,20,"Brisbane",2024
"617","Essendon","St Kilda","Round 3",0.61,0.39,-11,"St Kilda",2024
"618","Fremantle","Adelaide","Round 3",0.41,0.59,13,"Fremantle",2024
"619","Hawthorn","Geelong","Round 3",0.68,0.32,-18,"Geelong",2024
"620","North Melbourne","Carlton","Round 3",0.78,0.22,-31,"Carlton",2024
"621","Port Adelaide","Melbourne","Round 3",0.4,0.6,13,"Port Adelaide",2024
"622","Richmond","Sydney","Round 3",0.7,0.3,-20,"Sydney",2024
"623","Western Bulldogs","West Coast","Round 3",0.14,0.86,45,"Western Bulldogs",2024
"624","Adelaide","Melbourne","Round 4",0.63,0.37,-12,"Melbourne",2024
"625","Brisbane","North Melbourne","Round 4",0.19,0.81,38,"Brisbane",2024
"626","Collingwood","Hawthorn","Round 4",0.3,0.7,25,"Collingwood",2024
"627","Fremantle","Carlton","Round 4",0.57,0.43,-6,"Carlton",2024
"628","Gold Coast","GWS","Round 4",0.67,0.33,-18,"GWS",2024
"629","Port Adelaide","Essendon","Round 4",0.31,0.69,24,"Port Adelaide",2024
"630","Richmond","St Kilda","Round 4",0.69,0.31,-19,"St Kilda",2024
"631","West Coast","Sydney","Round 4",0.92,0.08,-47,"Sydney",2024
"632","Western Bulldogs","Geelong","Round 4",0.57,0.43,-6,"Geelong",2024
"633","Carlton","Adelaide","Round 5",0.31,0.69,24,"Carlton",2024
"634","Geelong","North Melbourne","Round 5",0.08,0.92,51,"Geelong",2024
"635","Gold Coast","Hawthorn","Round 5",0.27,0.73,30,"Gold Coast",2024
"636","GWS","St Kilda","Round 5",0.34,0.66,21,"GWS",2024
"637","Melbourne","Brisbane","Round 5",0.37,0.63,18,"Melbourne",2024
"638","Port Adelaide","Fremantle","Round 5",0.36,0.64,19,"Port Adelaide",2024
"639","West Coast","Richmond","Round 5",0.71,0.29,-22,"Richmond",2024
"640","Western Bulldogs","Essendon","Round 5",0.34,0.66,21,"Western Bulldogs",2024
"641","Adelaide","Essendon","Round 6",0.39,0.61,15,"Adelaide",2024
"642","Brisbane","Geelong","Round 6",0.42,0.58,12,"Brisbane",2024
"643","Carlton","GWS","Round 6",0.47,0.53,5,"Carlton",2024
"644","Collingwood","Port Adelaide","Round 6",0.5,0.5,0,"Collingwood",2024
"645","North Melbourne","Hawthorn","Round 6",0.69,0.31,-20,"Hawthorn",2024
"646","St Kilda","Western Bulldogs","Round 6",0.52,0.48,0,"Western Bulldogs",2024
"647","Sydney","Gold Coast","Round 6",0.35,0.65,20,"Sydney",2024
"648","West Coast","Fremantle","Round 6",0.81,0.19,-34,"Fremantle",2024
"649","Essendon","Collingwood","Round 7",0.65,0.35,-15,"Collingwood",2024
"650","Fremantle","Western Bulldogs","Round 7",0.53,0.47,-1,"Western Bulldogs",2024
"651","Geelong","Carlton","Round 7",0.48,0.52,5,"Geelong",2024
"652","Gold Coast","West Coast","Round 7",0.21,0.79,37,"Gold Coast",2024
"653","GWS","Brisbane","Round 7",0.47,0.53,6,"GWS",2024
"654","Hawthorn","Sydney","Round 7",0.71,0.29,-22,"Sydney",2024
"655","North Melbourne","Adelaide","Round 7",0.78,0.22,-30,"Adelaide",2024
"656","Port Adelaide","St Kilda","Round 7",0.31,0.69,25,"Port Adelaide",2024
"657","Richmond","Melbourne","Round 7",0.77,0.23,-28,"Melbourne",2024
"658","Adelaide","Port Adelaide","Round 8",0.64,0.36,-14,"Port Adelaide",2024
"659","Brisbane","Gold Coast","Round 8",0.37,0.63,18,"Brisbane",2024
"660","Carlton","Collingwood","Round 8",0.4,0.6,14,"Carlton",2024
"661","Melbourne","Geelong","Round 8",0.56,0.44,-5,"Geelong",2024
"662","Richmond","Fremantle","Round 8",0.66,0.34,-16,"Fremantle",2024
"663","St Kilda","North Melbourne","Round 8",0.18,0.82,40,"St Kilda",2024
"664","Sydney","GWS","Round 8",0.5,0.5,0,"Sydney",2024
"665","West Coast","Essendon","Round 8",0.65,0.35,-16,"Essendon",2024
"666","Western Bulldogs","Hawthorn","Round 8",0.27,0.73,29,"Western Bulldogs",2024
"667","Carlton","Melbourne","Round 9",0.57,0.43,-6,"Melbourne",2024
"668","Geelong","Port Adelaide","Round 9",0.31,0.69,24,"Geelong",2024
"669","Fremantle","Sydney","Round 9",0.62,0.38,-11,"Sydney",2024
"670","Hawthorn","St Kilda","Round 9",0.66,0.34,-16,"St Kilda",2024
"671","Essendon","GWS","Round 9",0.62,0.38,-12,"GWS",2024
"672","Gold Coast","North Melbourne","Round 9",0.12,0.88,46,"Gold Coast",2024
"673","Richmond","Western Bulldogs","Round 9",0.71,0.29,-21,"Western Bulldogs",2024
"674","Collingwood","West Coast","Round 9",0.15,0.85,43,"Collingwood",2024
"675","Adelaide","Brisbane","Round 9",0.47,0.53,5,"Adelaide",2024
"676","Gold Coast","Geelong","Round 10",0.61,0.39,-10,"Geelong",2024
"677","Sydney","Carlton","Round 10",0.37,0.63,18,"Sydney",2024
"678","Collingwood","Adelaide","Round 10",0.35,0.65,20,"Collingwood",2024
"679","GWS","Western Bulldogs","Round 10",0.39,0.61,15,"GWS",2024
"680","Brisbane","Richmond","Round 10",0.11,0.89,48,"Brisbane",2024
"681","St Kilda","Fremantle","Round 10",0.53,0.47,-1,"Fremantle",2024
"682","Essendon","North Melbourne","Round 10",0.1,0.9,49,"Essendon",2024
"683","Port Adelaide","Hawthorn","Round 10",0.21,0.79,36,"Port Adelaide",2024
"684","West Coast","Melbourne","Round 10",0.78,0.22,-30,"Melbourne",2024
"685","Western Bulldogs","Sydney","Round 11",0.66,0.34,-16,"Sydney",2024
"686","Fremantle","Collingwood","Round 11",0.49,0.51,4,"Fremantle",2024
"687","Carlton","Gold Coast","Round 11",0.37,0.63,18,"Carlton",2024
"688","North Melbourne","Port Adelaide","Round 11",0.9,0.1,-44,"Port Adelaide",2024
"689","Geelong","GWS","Round 11",0.39,0.61,15,"Geelong",2024
"690","Richmond","Essendon","Round 11",0.85,0.15,-39,"Essendon",2024
"691","Hawthorn","Brisbane","Round 11",0.69,0.31,-20,"Brisbane",2024
"692","Melbourne","St Kilda","Round 11",0.33,0.67,22,"Melbourne",2024
"693","Adelaide","West Coast","Round 11",0.25,0.75,31,"Adelaide",2024
"694","Port Adelaide","Carlton","Round 12",0.43,0.57,10,"Port Adelaide",2024
"695","Collingwood","Western Bulldogs","Round 12",0.56,0.44,-5,"Western Bulldogs",2024
"696","Hawthorn","Adelaide","Round 12",0.63,0.37,-13,"Adelaide",2024
"697","West Coast","St Kilda","Round 12",0.55,0.45,-3,"St Kilda",2024
"698","Geelong","Richmond","Round 12",0.12,0.88,47,"Geelong",2024
"699","Melbourne","Fremantle","Round 12",0.42,0.58,12,"Melbourne",2024
"700","Gold Coast","Essendon","Round 12",0.45,0.55,8,"Gold Coast",2024
